address,body,date
BZ-LOTTO,"You are selected for ‚Çπ10 lakh lottery. Click here to claim.","2025-08-05T11:01:00.000Z"
AMZ-IN,"Amazon: Your order #456789 has been shipped. Track here: amazon.in/trackorder","2025-08-05T11:26:00.000Z"
BZ-HDFC,"HDFC Bank: Rs. 2,000 debited from A/C ending 1234 on 05-Aug. Avl bal: Rs. 8,500.","2025-08-05T11:06:00.000Z"
TM-ZOMATO,"Zomato: Your food is being prepared üçï. Get ready to eat!","2025-08-05T10:06:00.000Z"
BZ-PAYTM,"Paytm: Payment of ‚Çπ450 made to Big Bazaar via QR code. UPI Ref: 8877xxxxxx","2025-08-05T11:26:00.000Z"
1409000000,"This is RBI. We have noticed unusual activity in your account. Call 1409000000 immediately.","2025-08-05T11:21:00.000Z"
TM-FLPKRT,"Flipkart: Your OTP for login is 543211. Do not share with anyone.","2025-08-05T11:16:00.000Z"
TM-UBER,"Uber: Driver has arrived. Please meet at pickup location.","2025-08-05T11:06:00.000Z"
VK-AIRTEL,"Airtel: Recharge successful. ‚Çπ299 unlimited plan activated for 28 days.","2025-08-05T10:56:00.000Z"
VK-RBICARD,"Dear Customer, your ATM card has expired. Reactivate now: rbi-helpdesk.net","2025-08-05T10:51:00.000Z"